,Group
MS01_1,MS01
MS01_2,MS01
MS01_3,MS01
MS01_4,MS01
MS01_5,MS01
MS01_6,MS01
MS03_1,MS03
MS03_2,MS03
MS03_3,MS03
MS03_4,MS03
MS03_5,MS03
MS03_6,MS03
MS07_1,MS07
MS07_2,MS07
MS07_3,MS07
MS07_4,MS07
MS07_5,MS07
MS07_6,MS07
MS14_1,MS14
MS14_2,MS14
MS14_3,MS14
MS14_4,MS14
MS14_5,MS14
MS14_6,MS14
MS21_1,MS21
MS21_2,MS21
MS21_3,MS21
MS21_4,MS21
MS21_5,MS21
MS21_6,MS21
MS28_1,MS28
MS28_2,MS28
MS28_3,MS28
MS28_4,MS28
MS28_5,MS28
MS28_6,MS28
MS35_1,MS35
MS35_2,MS35
MS35_3,MS35
MS35_4,MS35
MS35_5,MS35
MS35_6,MS35
