Genera,Phylum
Proteus,Pseudomonadota
Morganella,Pseudomonadota
Pseudomonas,Pseudomonadota
Tissierella,Bacillota
Sporosarcina,Bacillota
Clostridium,Bacillota
Paenalcaligenes,Pseudomonadota
Pyrinomonadaceae_genus,Acidobacteriota
Romboutsia,Bacillota
Jeotgalicoccus,Bacillota
Achromobacter,Pseudomonadota
Psychrobacillus,Bacillota
bacteriap25_genus,Myxococcota
Escherichia-Shigella,Pseudomonadota
Psychrobacter,Pseudomonadota
Stenotrophomonas,Pseudomonadota
Corynebacterium,Actinomycetota
Actinomarinales_genus,Actinomycetota
WD2101_soil_group_genus,Planctomycetota
Advenella,Pseudomonadota
UTCFX1,Chloroflexota
Blastococcus,Actinomycetota
Mammaliicoccus,Bacillota
Ardenticatenales_genus,Chloroflexota
Vicinamibacteraceae_genus,Acidobacteriota
Neobacillus,Bacillota
Nitrospira,Nitrospirota
Pseudochrobactrum,Pseudomonadota
AKAU4049_genus,Gemmatimonadota
Chryseolinea,Bacteroidota
P2-11E_genus,Chloroflexota
KD4-96_genus,Chloroflexota
Gemmatimonadaceae_genus,Gemmatimonadota
Siminovitchia,Bacillota
TRA3-20_genus,Pseudomonadota
Paeniclostridium,Bacillota
MND1,Pseudomonadota
Microlunatus,Actinomycetota
Sphingobacterium,Bacteroidota
Lysinibacillus,Bacillota
Rhodococcus,Actinomycetota
Rokubacteriales_genus,Methylomirabilota
Vicinamibacterales_genus,Acidobacteriota
Solibacillus,Bacillota
11_24_genus,Acidobacteriota
Microscillaceae_genus,Bacteroidota
Subgroup_7_genus,Acidobacteriota
Peribacillus,Bacillota
Dongia,Pseudomonadota
Blastocatellaceae_genus,Acidobacteriota
Pir4_lineage,Planctomycetota
Nordella,Pseudomonadota
Bradyrhizobium,Pseudomonadota
Steroidobacter,Pseudomonadota
Acidibacter,Pseudomonadota
MB-A2-108_genus,Actinomycetota
Domibacillus,Bacillota
Glutamicibacter,Actinomycetota
Gaiellales_genus,Actinomycetota
Chryseobacterium,Bacteroidota
Roseiflexaceae_genus,Chloroflexota
Ignatzschineria,Pseudomonadota
Massilia,Pseudomonadota
Paenarthrobacter,Actinomycetota
Terrimonas,Bacteroidota
Methyloligellaceae_genus,Pseudomonadota
Lactobacillus,Bacillota
Entotheonellaceae_genus,Entotheonellaeota
Pirellula,Planctomycetota
JG30-KF-CM45_genus,Chloroflexota
Anaerolineaceae_genus,Chloroflexota
Subgroup_25_genus,Acidobacteriota
Azospirillales_genus,Pseudomonadota
Ferruginibacter,Bacteroidota
Solirubrobacter,Actinomycetota
Pseudaminobacter,Pseudomonadota
RB41,Acidobacteriota
Flavobacterium,Bacteroidota
Gaiella,Actinomycetota
Kribbella,Actinomycetota
0319-7L14_genus,Actinomycetota
Ensifer,Pseudomonadota
Brevundimonas,Pseudomonadota
CCD24_genus,Pseudomonadota
BIrii41_genus,Myxococcota
67_14_genus,Actinomycetota
JG30-KF-CM66_genus,Chloroflexota
Arenimicrobium,Acidobacteriota
Xanthobacteraceae_genus,Pseudomonadota
Flavitalea,Bacteroidota
Microvirga,Pseudomonadota
Steroidobacteraceae_genus,Pseudomonadota
Subgroup_5_genus,Acidobacteriota
SC-I-84_genus,Pseudomonadota
SAR202_clade_genus,Chloroflexota
S085_genus,Chloroflexota
KF-JG30-B3_genus,Pseudomonadota
Subgroup_11_genus,Acidobacteriota
Bryobacter,Acidobacteriota
Lysobacter,Pseudomonadota
Geminicoccaceae_genus,Pseudomonadota
Acinetobacter,Pseudomonadota
Subgroup_10,Acidobacteriota
Streptomyces,Actinomycetota
Pseudogracilibacillus,Bacillota
NB1-j_genus,NB1-j
Acidiferrimicrobium,Actinomycetota
Skermanella,Pseudomonadota
TK10_genus,Chloroflexota
Latescibacterota_genus,Latescibacterota
Agromyces,Actinomycetota
Vagococcus,Bacillota
S0134_terrestrial_group_genus,Gemmatimonadota
mle1-8_genus,Planctomycetota
AKYH767_genus,Bacteroidota
Pedomicrobium,Pseudomonadota
MBNT15_genus,MBNT15
Ilumatobacter,Actinomycetota
PLTA13_genus,Pseudomonadota
Mycoavidus,Pseudomonadota
C0119_genus,Chloroflexota
Enterococcus,Bacillota
Nakamurella,Actinomycetota
Pararhizobium,Pseudomonadota
Albibacterium,Bacteroidota
Subgroup_17_genus,Acidobacteriota
Savagea,Bacillota
Nocardioides,Actinomycetota
Ellin6067,Pseudomonadota
Sphingomonas,Pseudomonadota
Rubrobacter,Actinomycetota
Gitt-GS-136_genus,Chloroflexota
AKYG1722_genus,Chloroflexota
Serratia,Pseudomonadota
AKYG587,Planctomycetota
Staphylococcus,Bacillota
Vicinamibacter,Acidobacteriota
Lederbergia,Bacillota
Variovorax,Pseudomonadota
Sutterellaceae_genus,Pseudomonadota
OM190_genus,Planctomycetota
Saprospiraceae_genus,Bacteroidota
Croceibacterium,Pseudomonadota
Fimbriimonadaceae_genus,Armatimonadota
Virgisporangium,Actinomycetota
Flavihumibacter,Bacteroidota
Subgroup_18_genus,Acidobacteriota
SH-PL14,Planctomycetota
Allorhizocola,Actinomycetota
env.OPS_17_genus,Bacteroidota
Luedemannella,Actinomycetota
Pirellulaceae_genus,Planctomycetota
Chitinophagaceae_genus,Bacteroidota
A4b_genus,Chloroflexota
Haliangiaceae_genus,Myxococcota
Microbacterium,Actinomycetota
PAUC26f_genus,Acidobacteriota
Phenylobacterium,Pseudomonadota
Gemmata,Planctomycetota
Opitutus,Verrucomicrobiota
Hyphomicrobiales_genus,Pseudomonadota
Reyranella,Pseudomonadota
Mitochondria_genus,Pseudomonadota
WS2_genus,WS2
Pseudonocardia,Actinomycetota
Sphingobium,Pseudomonadota
Aridibacter,Acidobacteriota
Priestia,Bacillota
ADurb.Bin063-1,Verrucomicrobiota
Phaselicystis,Myxococcota
Solirubrobacteraceae_genus,Actinomycetota
Mesorhizobium,Pseudomonadota
Gemmataceae_genus,Planctomycetota
Mycobacterium,Actinomycetota
wb1-P19,Pseudomonadota
Planctomycetales_genus,Planctomycetota
Mariniblastus,Planctomycetota
BD2-11_terrestrial_group_genus,Gemmatimonadota
A21b_genus,Pseudomonadota
Puia,Bacteroidota
Hyphomicrobium,Pseudomonadota
Adhaeribacter,Bacteroidota
Parviterribacter,Actinomycetota
Oceanobacillus,Bacillota
Litchfieldia,Bacillota
Thermodesulfobacteriota_genus,Thermodesulfobacteriota
Arthrobacter,Actinomycetota
Phyllobacterium,Pseudomonadota
Solitalea,Bacteroidota
Nitrosospira,Pseudomonadota
Pseudolabrys,Pseudomonadota
Bacteroides,Bacteroidota
Rhodomicrobium,Pseudomonadota
Aurantisolimonas,Bacteroidota
Flavisolibacter,Bacteroidota
Oligoflexus,Bdellovibrionota
Tumebacillus,Bacillota
Pla3_lineage_genus,Planctomycetota
Desertimonas,Actinomycetota
Vermiphilaceae_genus,Dependentiae
Oryzobacter,Actinomycetota
Aggregatilineaceae_genus,Chloroflexota
Verticiella,Pseudomonadota
Rhodoplanes,Pseudomonadota
Aquicella,Pseudomonadota
Sandaracinaceae_genus,Myxococcota
Rhizocola,Actinomycetota
Thermoleophilia_genus,Actinomycetota
CL500-3,Planctomycetota
Daejeonella,Bacteroidota
Acidimicrobiaceae_genus,Actinomycetota
Ohtaekwangia,Bacteroidota
Iamia,Actinomycetota
Armatimonadota_genus,Armatimonadota
Lentzea,Actinomycetota
Devosia,Pseudomonadota
Rhizobium,Pseudomonadota
Chitinophaga,Bacteroidota
Ramlibacter,Pseudomonadota
Herminiimonas,Pseudomonadota
Arenimonas,Pseudomonadota
Candidatus_Solibacter,Acidobacteriota
SZB85,Pseudomonadota
FFCH7168,Chloroflexota
Paenibacillus,Bacillota
Stenotrophobacter,Acidobacteriota
Mycetocola,Actinomycetota
Aeromicrobium,Actinomycetota
Paracoccus,Pseudomonadota
Gemmatimonas,Gemmatimonadota
Caldilineaceae_genus,Chloroflexota
Rhodanobacteraceae_genus,Pseudomonadota
Enteractinococcus,Actinomycetota
Chthonomonadales_genus,Armatimonadota
Ectobacillus,Bacillota
Fictibacillus,Bacillota
Modestobacter,Actinomycetota
Kapabacteriales_genus,Candidatus_Kapabacteria
Metabacillus,Bacillota
Paeniglutamicibacter,Actinomycetota
Promicromonospora,Actinomycetota
Dyadobacter,Bacteroidota
Niastella,Bacteroidota
Elsterales_genus,Pseudomonadota
Subgroup_2_genus,Acidobacteriota
Brucella,Pseudomonadota
OLB17,Acidobacteriota
Caulobacteraceae_genus,Pseudomonadota
Alkalihalophilus,Bacillota
Sphingoaurantiacus,Pseudomonadota
Actinophytocola,Actinomycetota
Clostridioides,Bacillota
Mesobacillus,Bacillota
Bhargavaea,Bacillota
Ellin6055,Pseudomonadota
Subgroup_22_genus,Acidobacteriota
Vampirovibrio,Cyanobacteriota
Crossiella,Actinomycetota
Euzebyaceae_genus,Actinomycetota
Alphaproteobacteria_genus,Pseudomonadota
Neo-b11,Pseudomonadota
Marmoricola,Actinomycetota
Pedosphaeraceae_genus,Verrucomicrobiota
Turicibacter,Bacillota
Schlesneria,Planctomycetota
Ligilactobacillus,Bacillota
Polyangiaceae_genus,Myxococcota
Kofleria,Myxococcota
Lineage_IIa_genus,Elusimicrobiota
Fimbriimonadales_genus,Armatimonadota
Citricoccus,Actinomycetota
JGI_0001001-H03,Acidobacteriota
Subgroup_9_genus,Acidobacteriota
Candidatus_Udaeobacter,Verrucomicrobiota
Facklamia,Bacillota
Pedobacter,Bacteroidota
GAL15_genus,GAL15
S-70_genus,Planctomycetota
Planifilum,Bacillota
Pla4_lineage_genus,Planctomycetota
Rodentibacter,Pseudomonadota
Litorilinea,Chloroflexota
Rhizobacter,Pseudomonadota
Planctomycetes_genus,Planctomycetota
Vallicoccus,Actinomycetota
Subgroup_20_genus,Acidobacteriota
Bauldia,Pseudomonadota
Planococcus,Bacillota
Myxococcaceae_genus,Myxococcota
Frankiales_genus,Actinomycetota
Candidatus_Alysiosphaera,Pseudomonadota
Gottfriedia,Bacillota
Luteitalea,Acidobacteriota
AKIW781_genus,Chloroflexota
Planctomicrobium,Planctomycetota
Rubellimicrobium,Pseudomonadota
Aggregatilineales_genus,Chloroflexota
Tepidisphaerales_genus,Planctomycetota
Blastocatella,Acidobacteriota
Actinomycetospora,Actinomycetota
Pajaroellobacter,Myxococcota
NS11-12_marine_group_genus,Bacteroidota
Parafilimonas,Bacteroidota
Novosphingobium,Pseudomonadota
Bacillaceae_genus,Bacillota
Sulfurifustis,Pseudomonadota
SM1A02,Planctomycetota
Roseomonas,Pseudomonadota
Prevotellaceae_NK3B31_group,Bacteroidota
Loigolactobacillus,Bacillota
Omnitrophales_genus,Verrucomicrobiota
Noviherbaspirillum,Pseudomonadota
Hymenobacter,Bacteroidota
CCM11a_genus,Planctomycetota
Longimicrobiaceae_genus,Gemmatimonadota
Glycomyces,Actinomycetota
Neorhizobium,Pseudomonadota
DS-100_genus,Acidobacteriota
Isosphaeraceae_genus,Planctomycetota
Gilliamella,Pseudomonadota
Bremerella,Planctomycetota
Kroppenstedtia,Bacillota
Saccharimonadales_genus,Patescibacteria
Microtrichales_genus,Actinomycetota
Catellatospora,Actinomycetota
CPla-3_termite_group_genus,Planctomycetota
Aquihabitans,Actinomycetota
Latescibacteraceae_genus,Latescibacterota
OLB14_genus,Chloroflexota
NS9_marine_group_genus,Bacteroidota
Hassallia,Bacteroidota
Candidatus_Entotheonella,Entotheonellaeota
Subgroup_15_genus,Acidobacteriota
Chthonomonas,Armatimonadota
I-8,Planctomycetota
Terrabacter,Actinomycetota
Caulobacter,Pseudomonadota
Micromonospora,Actinomycetota
Anaerostipes,Bacillota
37_13_genus,Bacteroidota
Eel-36e1D6_genus,Myxococcota
Fimbriiglobus,Planctomycetota
Atopostipes,Bacillota
Lachnospiraceae_genus,Bacillota
Pla1_lineage_genus,Planctomycetota
Rhodothermaceae_genus,Rhodothermota
CL500-29_marine_group,Actinomycetota
Abditibacterium,Abditibacteriota
Labrys,Pseudomonadota
RBG-13-54-9_genus,Chloroflexota
Amb-16S-1323_genus,Pseudomonadota
Halocella,Halanaerobiaeota
Ardenticatenaceae_genus,Chloroflexota
Woeseia,Pseudomonadota
Larkinella,Bacteroidota
Sphingopyxis,Pseudomonadota
Muribaculaceae_genus,Bacteroidota
Lineage_IIb_genus,Elusimicrobiota
UASB-TL25_genus,Myxococcota
Ammoniphilus,Bacillota
Bosea,Pseudomonadota
Reyranellaceae_genus,Pseudomonadota
Kibdelosporangium,Actinomycetota
VHS-B3-70_genus,Myxococcota
mle1-7,Pseudomonadota
Amoebophilaceae_genus,Bacteroidota
Ilumatobacteraceae_genus,Actinomycetota
Longimicrobium,Gemmatimonadota
BIyi10,Pseudomonadota
Ruminococcus,Bacillota
Rickettsiellaceae_genus,Pseudomonadota
Longispora,Actinomycetota
Cutibacterium,Actinomycetota
Geodermatophilus,Actinomycetota
Thermoactinomycetaceae_genus,Bacillota
Pseudorhodoferax,Pseudomonadota
Sumerlaea,Sumerlaeota
Lautropia,Pseudomonadota
Zavarzinella,Planctomycetota
Yaniella,Actinomycetota
WX65_genus,Methylomirabilota
Duffyella,Pseudomonadota
Cellvibrio,Pseudomonadota
Ahniella,Pseudomonadota
Cyclobacteriaceae_genus,Bacteroidota
Dactylosporangium,Actinomycetota
Sporichthyaceae_genus,Actinomycetota
Sorangium,Myxococcota
Limibaculum,Pseudomonadota
Gimesiaceae_genus,Planctomycetota
Rubinisphaeraceae_genus,Planctomycetota
Panacibacter,Bacteroidota
YC-ZSS-LKJ147,Gemmatimonadota
Nonomuraea,Actinomycetota
Edaphobaculum,Bacteroidota
Aerococcus,Bacillota
Herpetosiphon,Chloroflexota
Cohnella,Bacillota
Candidatus_Chloroploca,Chloroflexota
Nitrolancea,Chloroflexota
Segetibacter,Bacteroidota
Roseobacter_clade_CHAB-I-5_lineage,Pseudomonadota
Pseudoxanthomonas,Pseudomonadota
Cellulosimicrobium,Actinomycetota
Actinocorallia,Actinomycetota
Oleiharenicola,Verrucomicrobiota
Armatimonadaceae_genus,Armatimonadota
Amaricoccus,Pseudomonadota
Psychroglaciecola,Pseudomonadota
Thermobifida,Actinomycetota
Luteimonas,Pseudomonadota
mle1-27_genus,Myxococcota
Schnuerera,Bacillota
PB19_genus,Thermodesulfobacteriota
Aureimonas,Pseudomonadota
Erysipelotrichaceae_genus,Bacillota
Cystobacter,Myxococcota
Geminicoccus,Pseudomonadota
Chryseotalea,Bacteroidota
Bacillus,Bacillota
TM7a,Patescibacteria
Streptococcus,Bacillota
Flaviaestuariibacter,Bacteroidota
Baekduia,Actinomycetota
Planctopirus,Planctomycetota
Fluviicola,Bacteroidota
Rhizorhapis,Pseudomonadota
Prevotellaceae_UCG-001,Bacteroidota
0319-6G20_genus,Bdellovibrionota
Rhodocytophaga,Bacteroidota
Jeongeupia,Pseudomonadota
Delftia,Pseudomonadota
Antribacter,Actinomycetota
Agrobacterium,Pseudomonadota
OLB13,Chloroflexota
UCG-008,Bacillota
Mucispirillum,Deferribacterota
Myxococcus,Myxococcota
Pseudorhodoplanes,Pseudomonadota
Chitinophagales_genus,Bacteroidota
Sericytochromatia_genus,Cyanobacteriota
Actinoplanes,Actinomycetota
FFCH5858,Pseudomonadota
Alkalicoccobacillus,Bacillota
Ileibacterium,Bacillota
Sandaracinus,Myxococcota
Vulgatibacter,Myxococcota
Alterococcus,Verrucomicrobiota
Limnobacter,Pseudomonadota
Nocardia,Actinomycetota
Faecalibaculum,Bacillota
Flindersiella,Actinomycetota
Dinghuibacter,Bacteroidota
YM_S32_TM7_50_20_genus,Patescibacteria
Thermus,Deinococcota
[Eubacterium]_siraeum_group,Bacillota
B1-7BS_genus,Pseudomonadota
Williamsia,Actinomycetota
Leptospirillum,Nitrospirota
Actinomadura,Actinomycetota
Allobaculum,Bacillota
Candidatus_Ovatusbacter,Pseudomonadota
Leucobacter,Actinomycetota
Latilactobacillus,Bacillota
Enhygromyxa,Myxococcota
Oerskovia,Actinomycetota
Blfdi19_genus,Myxococcota
Alistipes,Bacteroidota
Sporocytophaga,Bacteroidota
Patescibacteria_genus,Patescibacteria
Constrictibacter,Pseudomonadota
Chloronema,Chloroflexota
Ellin517,Verrucomicrobiota
Candidatus_Omnitrophus,Verrucomicrobiota
P3OB-42,Myxococcota
Micropepsaceae_genus,Pseudomonadota
WY65,Acidobacteriota
Agrococcus,Actinomycetota
Terriglobales_genus,Acidobacteriota
MVP-88_genus,Elusimicrobiota
Kaistia,Pseudomonadota
Kocuria,Actinomycetota
Anoxybacillus,Bacillota
Chthoniobacter,Verrucomicrobiota
Caldovatus,Pseudomonadota
Thermoactinomyces,Bacillota
OM27_clade,Bdellovibrionota
Azospirillaceae_genus,Pseudomonadota
Roseicella,Pseudomonadota
Rhodospirillaceae_genus,Pseudomonadota
Tellurirhabdus,Bacteroidota
Georgenia,Actinomycetota
Comamonas,Pseudomonadota
Candidatus_Berkiella,Pseudomonadota
AT-s3-28_genus,Acidobacteriota
Dubosiella,Bacillota
CSP1-2,Dadabacteria
Legionella,Pseudomonadota
Ketobacter,Pseudomonadota
Ilyomonas,Bacteroidota
vadinHA49_genus,Planctomycetota
Candidatus_Nitrosoarchaeum,SAR324_clade(Marine_group_B)
Chloroplast_genus,Cyanobacteriota
Intestinimonas,Bacillota
Lachnospiraceae_NK4A136_group,Bacillota
Eremiobacteria_genus,Candidatus_Eremiobacterota
Enterovirga,Pseudomonadota
Candidatus_Woesebacteria_genus,Patescibacteria
Lacibacter,Bacteroidota
[Eubacterium]_xylanophilum_group,Bacillota
KI89A_clade_genus,Pseudomonadota
Pigmentiphaga,Pseudomonadota
Pontibacter,Bacteroidota
Phaeodactylibacter,Bacteroidota
Subgroup_13_genus,Acidobacteriota
Oscillospiraceae_genus,Bacillota
Limosilactobacillus,Bacillota
Subgroup_21_genus,Acidobacteriota
Starkeya,Pseudomonadota
Thomasclavelia,Bacillota
Pantoea,Pseudomonadota
UCG-005,Bacillota
Amycolatopsis,Actinomycetota
Vampirovibrionales_genus,Cyanobacteriota
KD3-93_genus,Bacteroidota
Listeria,Bacillota
Clostridia_vadinBB60_group_genus,Bacillota
Akkermansia,Verrucomicrobiota
Methylobacterium,Pseudomonadota
Isosphaera,Planctomycetota
Conexibacter,Actinomycetota
Cyanobacteriales_genus,Cyanobacteriota
Tautonia,Planctomycetota
Hyphomicrobiales_Incertae_Sedis_genus,Pseudomonadota
Novibacillus,Bacillota
Pedococcus-Phycicoccus,Actinomycetota
Acidiferrobacteraceae_genus,Pseudomonadota
Subgroup_12_genus,Acidobacteriota
Lactococcus,Bacillota
Burkholderiales_genus,Pseudomonadota
Haloactinopolyspora,Actinomycetota
Kineosporia,Actinomycetota
Ferdinandcohnia,Bacillota
Spirosoma,Bacteroidota
CCM19a_genus,Pseudomonadota
Ureibacillus,Bacillota
Silvanigrellaceae_genus,Bdellovibrionota
Parabacteroides,Bacteroidota
Methyloversatilis,Pseudomonadota
Candidatus_Jidaibacter,Pseudomonadota
Thermobacillus,Bacillota
RCP2-54_genus,RCP2-54
27F-1492R_genus,Myxococcota
S-BQ2-57_soil_group_genus,Verrucomicrobiota
Clostridia_UCG-014_genus,Bacillota
Brevibacterium,Actinomycetota
Ralstonia,Pseudomonadota
Cytophaga,Bacteroidota
Alkaliphilus,Bacillota
Niallia,Bacillota
Phycisphaeraceae_genus,Planctomycetota
Thermodesulfovibrionia_genus,Nitrospirota
Brachybacterium,Actinomycetota
SJA-28_genus,Bacteria_phylum
Tundrisphaera,Planctomycetota
Tianweitania,Pseudomonadota
PMMR1,Pseudomonadota
Nannocystis,Myxococcota
Saccharomonospora,Actinomycetota
Paraconexibacter,Actinomycetota
Archangium,Myxococcota
Pseudalkalibacillus,Bacillota
Shinella,Pseudomonadota
Candidatus_Chlorothrix,Chloroflexota
Rickettsiaceae_genus,Pseudomonadota
Aliihoeflea,Pseudomonadota
Verrucomicrobiaceae_genus,Verrucomicrobiota
LWQ8_genus,Patescibacteria
Hydrogenispora,Bacillota
Asticcacaulis,Pseudomonadota
Methylorubrum,Pseudomonadota
Raoultibacter,Actinomycetota
Bacilli_genus,Bacillota
Veillonella,Bacillota
Polycyclovorans,Pseudomonadota
Shimazuella,Bacillota
Burkholderiaceae_genus,Pseudomonadota
Azotobacter,Pseudomonadota
Ammoniibacillus,Bacillota
Filomicrobium,Pseudomonadota
Pediococcus,Bacillota
Holosporaceae_genus,Pseudomonadota
Inquilinus,Pseudomonadota
Sphingorhabdus,Pseudomonadota
T2WK15B57,Bacillota
Cupriavidus,Pseudomonadota
Tepidimicrobium,Bacillota
Prevotellaceae_genus,Bacteroidota
Parcubacteria_genus,Patescibacteria
Singulisphaera,Planctomycetota
Uliginosibacterium,Pseudomonadota
Obscuribacteraceae_genus,Cyanobacteriota
Smaragdicoccus,Actinomycetota
BD7-11_genus,Planctomycetota
Actinokineospora,Actinomycetota
Caldalkalibacillus,Bacillota
Paludibaculum,Acidobacteriota
Ellin516,Verrucomicrobiota
Lachnoclostridium,Bacillota
Cryptosporangium,Actinomycetota
Pseudenhygromyxa,Myxococcota
alphaI_cluster,Pseudomonadota
Virgibacillus,Bacillota
Oligoflexaceae_genus,Bdellovibrionota
LiUU-11-161_genus,Bacteroidota
possible_genus_04,Fibrobacterota
Berkelbacteria_genus,Patescibacteria
Luteolibacter,Verrucomicrobiota
Cellulomonas,Actinomycetota
Sanguibacter,Actinomycetota
Pseudomonadales_genus,Pseudomonadota
Laceyella,Bacillota
Thalassobaculales_genus,Pseudomonadota
Nitratireductor,Pseudomonadota
Parapedobacter,Bacteroidota
Quinella,Bacillota
AB1_genus,Pseudomonadota
Brevibacillus,Bacillota
Desulfofarcimen,Bacillota
Allocatelliglobosispora,Actinomycetota
Vampirovibrionaceae_genus,Cyanobacteriota
Thermoflavimicrobium,Bacillota
Irregularibacter,Bacillota
Caldicoprobacter,Bacillota
Lineage_IV_genus,Elusimicrobiota
Frigoribacterium,Actinomycetota
SHA-26_genus,Chloroflexota
Nitrosomonas,Pseudomonadota
Fibrobacteraceae_genus,Fibrobacterota
Hamadaea,Actinomycetota
Aneurinibacillus,Bacillota
Subgroup_19_genus,Acidobacteriota
Dankookia,Pseudomonadota
NK4A214_group,Bacillota
Dysgonomonas,Bacteroidota
D05-2_genus,Pseudomonadota
Variibacter,Pseudomonadota
RF39_genus,Bacillota
Niabella,Bacteroidota
Aminobacter,Pseudomonadota
Paenochrobactrum,Pseudomonadota
Micropruina,Actinomycetota
Dietzia,Actinomycetota
Streptosporangiaceae_genus,Actinomycetota
Sphaerisporangium,Actinomycetota
Rubrivirga,Rhodothermota
IS-44,Pseudomonadota
Curtobacterium,Actinomycetota
Chondromyces,Myxococcota
hgcI_clade,Actinomycetota
Unknown_Family_genus,Pseudomonadota
Pseudofulvimonas,Pseudomonadota
Afipia,Pseudomonadota
Corticibacterium,Pseudomonadota
Microtrichaceae_genus,Actinomycetota
Sulfuricaulis,Pseudomonadota
Thermomonas,Pseudomonadota
SM2D12_genus,Pseudomonadota
Herbinix,Bacillota
Olivibacter,Bacteroidota
Perlucidibaca,Pseudomonadota
Cephaloticoccus,Verrucomicrobiota
Coleofasciculaceae_genus,Cyanobacteriota
Jeotgalibaca,Bacillota
Candidatus_Megaira,Pseudomonadota
Lachnospiraceae_UCG-006,Bacillota
Rhizorhabdus,Pseudomonadota
Parvibaculum,Pseudomonadota
UCG-003,Bacillota
Limnochordaceae_genus,Bacillota
Pueribacillus,Bacillota
R7C24_genus,Pseudomonadota
UBA12409,Dependentiae
Mucilaginibacter,Bacteroidota
Rhodopseudomonas,Pseudomonadota
Sneathiellaceae_genus,Pseudomonadota
[Eubacterium]_coprostanoligenes_group_genus,Bacillota
Phytomonospora,Actinomycetota
Chiayiivirga,Pseudomonadota
Taibaiella,Bacteroidota
Rhodocyclaceae_genus,Pseudomonadota
Paenibacillaceae_genus,Bacillota
Sporichthya,Actinomycetota
Rubritepida,Pseudomonadota
Tomitella,Actinomycetota
Acetobacteraceae_genus,Pseudomonadota
Candidatus_Paracaedibacter,Pseudomonadota
Christensenellaceae_R-7_group,Bacillota
Moheibacter,Bacteroidota
Acidobacteriaceae_(Subgroup_1)_genus,Acidobacteriota
Micromonosporaceae_genus,Actinomycetota
Enterocloster,Bacillota
Anaerosalibacter,Bacillota
Thermopolyspora,Actinomycetota
Thalassiella,Actinomycetota
Hydrogenedensaceae_genus,Hydrogenedentes
Cytophagales_genus,Bacteroidota
Cnuella,Bacteroidota
Deinococcus,Deinococcota
Nemorincola,Bacteroidota
Gordonia,Actinomycetota
Neisseria,Pseudomonadota
Ferrovibrio,Pseudomonadota
Colidextribacter,Bacillota
Lineage_IIc_genus,Elusimicrobiota
Sphingobacteriaceae_genus,Bacteroidota
Glycomycetaceae_genus,Actinomycetota
[Ruminococcus]_gauvreauii_group,Bacillota
UCG-010_genus,Bacillota
Nannocystaceae_genus,Myxococcota
Methylocaldum,Pseudomonadota
Verruc-01,Verrucomicrobiota
EC3_genus,Pseudomonadota
Azospirillum,Pseudomonadota
Spirosomataceae_genus,Bacteroidota
Candidatus_Gottesmanbacteria_genus,Patescibacteria
Oceanicella,Pseudomonadota
Leptolyngbya_ANT.L52.2,Cyanobacteriota
Desulfitobacterium,Bacillota
Aquabacterium,Pseudomonadota
Blautia,Bacillota
eub62A3_genus,Pseudomonadota
Arsenicitalea,Pseudomonadota
Defluviicoccales_genus,Pseudomonadota
Hirschia,Pseudomonadota
Carnobacterium,Bacillota
Occultella,Actinomycetota
Umezawaea,Actinomycetota
Coxiella,Pseudomonadota
Acutalibacter,Bacillota
COB_P4-1_termite_group_genus,Bacteroidota
Deserticella,Pseudomonadota
Nocardiopsis,Actinomycetota
Symbiobacterium,Bacillota
Qipengyuania,Pseudomonadota
Xanthobacter,Pseudomonadota
Polyangium,Myxococcota
E1B-B3-114,Actinomycetota
Saccharopolyspora,Actinomycetota
Peptococcaceae_genus,Bacillota
koll11_genus,Verrucomicrobiota
Jatrophihabitans,Actinomycetota
Rhodanobacter,Pseudomonadota
Tagaea,Pseudomonadota
Bradymonadales_genus,Thermodesulfobacteriota
Bacteriovorax,Bdellovibrionota
AT-s3-44_genus,Pseudomonadota
Isoptericola,Actinomycetota
Tepidisphaeraceae_genus,Planctomycetota
Roseisolibacter,Gemmatimonadota
Chitinibacter,Pseudomonadota
Hypericibacter,Pseudomonadota
Rikenellaceae_RC9_gut_group,Bacteroidota
Candidatus_Amoebophilus,Bacteroidota
SWB02,Pseudomonadota
Coriobacteriaceae_UCG-002,Actinomycetota
Nosocomiicoccus,Bacillota
Bacteroidales_RF16_group_genus,Bacteroidota
Haloplasma,Bacillota
Saccharothrix,Actinomycetota
Zavarziniales_genus,Pseudomonadota
Eggerthellaceae_genus,Actinomycetota
SH3-11,Verrucomicrobiota
KD3-10,Myxococcota
Fodinicurvataceae_genus,Pseudomonadota
KF-JG30-C25_genus,Pseudomonadota
Agathobaculum,Bacillota
Treponema,Spirochaetota
Candidatus_Soleaferrea,Bacillota
Crocinitomix,Bacteroidota
Babeliales_genus,Dependentiae
Belnapia,Pseudomonadota
Duganella,Pseudomonadota
Burkholderia-Caballeronia-Paraburkholderia,Pseudomonadota
Nitrosomonadaceae_genus,Pseudomonadota
A0839_genus,Pseudomonadota
UCG-012,Bacillota
Desulfosporosinus,Bacillota
Truepera,Deinococcota
Anoxybacter,Halanaerobiaeota
Microgenomatia_genus,Patescibacteria
Limnochorda,Bacillota
Micavibrionales_genus,Pseudomonadota
Bordetella,Pseudomonadota
BSV26_genus,Candidatus_Kryptonia
Vicingus,Bacteroidota
Janibacter,Actinomycetota
type_III,Bacillota
Izemoplasmatales_genus,Bacillota
Oscillochloris,Chloroflexota
Embleya,Actinomycetota
Roseimicrobium,Verrucomicrobiota
Adlercreutzia,Actinomycetota
UKL13-1,Pseudomonadota
Acidothermus,Actinomycetota
Rhodospirillales_genus,Pseudomonadota
Acetatifactor,Bacillota
Hydrogenoanaerobacterium,Bacillota
Mumia,Actinomycetota
Candidatus_Koribacter,Acidobacteriota
KIST-JJY010_genus,Actinomycetota
Parablastomonas,Pseudomonadota
Rathayibacter,Actinomycetota
Granulicella,Acidobacteriota
Sedimentibacter,Bacillota
Streptosporangium,Actinomycetota
Flexibacter,Bacteroidota
Yinghuangia,Actinomycetota
Jahnella,Myxococcota
Anaeromyxobacter,Myxococcota
Babeliaceae_genus,Dependentiae
Allokutzneria,Actinomycetota
Rurimicrobium,Bacteroidota
Zag_111,Cyanobacteriota
Ruminococcaceae_genus,Bacillota
Arcticibacter,Bacteroidota
Simkaniaceae_genus,Chlamydiota
Bacteroidetes_VC2.1_Bac22_genus,Bacteroidota
Candidatus_Abawacabacteria_genus,Patescibacteria
Leptolyngbya_EcFYyyy-00,Cyanobacteriota
Fructilactobacillus,Bacillota
Candidatus_Saccharimonas,Patescibacteria
Erysipelotrichaceae_UCG-003,Bacillota
Pelotalea,Thermodesulfobacteriota
FFCH16263_genus,Actinomycetota
Plasticicumulans,Pseudomonadota
Nibribacter,Bacteroidota
Antarcticibacterium,Bacteroidota
Tepidimonas,Pseudomonadota
Desmonostoc_PCC-7422,Cyanobacteriota
Brevitalea,Acidobacteriota
Pseudopedobacter,Bacteroidota
Lutispora,Bacillota
Buchnera,Pseudomonadota
Pseudactinotalea,Actinomycetota
Prosthecomicrobium,Pseudomonadota
Erysipelotrichaceae_UCG-008,Bacillota
Brassicibacter,Bacillota
Desulfallas,Bacillota
Ruminiclostridium,Bacillota
Pseudolysobacter,Pseudomonadota
JTB255_marine_benthic_group,Pseudomonadota
EV818SWSAP88_genus,Pseudomonadota
WWH38_genus,Patescibacteria
Azohydromonas,Pseudomonadota
Oscillibacter,Bacillota
Olsenella,Actinomycetota
Chujaibacter,Pseudomonadota
Tahibacter,Pseudomonadota
EPR3968-O8a-Bc78_genus,Pseudomonadota
Finegoldia,Bacillota
211ds20_genus,Pseudomonadota
OLB8,Bacteroidota
Kallotenue,Chloroflexota
Tsuneonella,Pseudomonadota
Chelativorans,Pseudomonadota
Phreatobacter,Pseudomonadota
JTB23_genus,Pseudomonadota
Macrococcus,Bacillota
Luteibacter,Pseudomonadota
Moraxellaceae_genus,Pseudomonadota
Rufibacter,Bacteroidota
Pseudoclavibacter,Actinomycetota
Anaerofustis,Bacillota
[Clostridium]_innocuum_group,Bacillota
Desulfovectis,Bacillota
Waddlia,Chlamydiota
Salinispora,Actinomycetota
Proteiniborus,Bacillota
Okibacterium,Actinomycetota
Tychonema_CCAP_1459-11B,Cyanobacteriota
Harryflintia,Bacillota
Lachnospiraceae_FCS020_group,Bacillota
Panacagrimonas,Pseudomonadota
Tyzzerella,Bacillota
JCM_18997,Actinomycetota
Sediminibacterium,Bacteroidota
Muribaculum,Bacteroidota
Sideroxydans,Pseudomonadota
Paludicola,Bacillota
Eisenbergiella,Bacillota
028H05-P-BN-P5_genus,Planctomycetota
Patulibacter,Actinomycetota
Peredibacter,Bdellovibrionota
Polaromonas,Pseudomonadota
Klenkia,Actinomycetota
Risungbinella,Bacillota
Candidatus_Finniella,Pseudomonadota
Tuwongella,Planctomycetota
Planktosalinus,Bacteroidota
Hansschlegelia,Pseudomonadota
S15-21_genus,Bacteroidota
Tenggerimyces,Actinomycetota
Rickettsia,Pseudomonadota
Parvibaculaceae_genus,Pseudomonadota
Spiroplasma,Bacillota
Cellvibrionaceae_genus,Pseudomonadota
Kineococcus,Actinomycetota
Gottschalkia,Bacillota
JG30a-KF-32,Chloroflexota
Dechloromonas,Pseudomonadota
dgA-11_gut_group,Bacteroidota
Exiguobacterium,Bacillota
Flexilinea,Chloroflexota
4-29-1_genus,Nitrospirota
Kineobactrum,Pseudomonadota
FFCH9454_genus,Bacteroidota
Shouchella,Bacillota
Candidatus_Xiphinematobacter,Verrucomicrobiota
Cavicella,Pseudomonadota
Caedibacter,Pseudomonadota
Emticicia,Bacteroidota
IMCC26134,Verrucomicrobiota
Frisingicoccus,Bacillota
Fusicatenibacter,Bacillota
Demequinaceae_genus,Actinomycetota
Lentilactobacillus,Bacillota
CHAB-XI-27_genus,Pseudomonadota
Chthonobacter,Pseudomonadota
Schinkia,Bacillota
Paracoccaceae_genus,Pseudomonadota
Desemzia,Bacillota
Lachnospiraceae_ND3007_group,Bacillota
Monoglobus,Bacillota
Gammaproteobacteria_genus,Pseudomonadota
HSB_OF53-F07,Chloroflexota
Acetivibrio,Bacillota
Symbiobacteraceae_genus,Bacillota
FFCH16767_genus,Myxococcota
Chlamydiaceae_genus,Chlamydiota
Alsobacter,Pseudomonadota
Acidimicrobiia_genus,Actinomycetota
Parasutterella,Pseudomonadota
Legionellaceae_genus,Pseudomonadota
Occallatibacter,Acidobacteriota
M55-D21_genus,Bacillota
Rickettsiella,Pseudomonadota
Kineosporiaceae_genus,Actinomycetota
Pseudobdellovibrionaceae_genus,Bdellovibrionota
Planomonospora,Actinomycetota
Geomonas,Thermodesulfobacteriota
Anaerotruncus,Bacillota
Prevotellaceae_UCG-003,Bacteroidota
Vibrio,Pseudomonadota
Leptolinea,Chloroflexota
Janthinobacterium,Pseudomonadota
Thermicanus,Bacillota
Paludisphaera,Planctomycetota
Terriglobus,Acidobacteriota
MBA03_genus,Bacillota
Auricoccus-Abyssicoccus,Bacillota
Candidatus_Glomeribacter,Pseudomonadota
DEV007_genus,Verrucomicrobiota
Bacteriovoracaceae_genus,Bdellovibrionota
Tepidisphaera,Planctomycetota
Beijerinckiaceae_genus,Pseudomonadota
Defluviitaleaceae_UCG-011,Bacillota
Globicatella,Bacillota
Peptoniphilus,Bacillota
Candidatus_Peribacteria_genus,Patescibacteria
Candidatus_Captivus,Pseudomonadota
Lachnospiraceae_UCG-010,Bacillota
Thermincola,Bacillota
Ferrovibrionales_genus,Pseudomonadota
Thermostaphylospora,Actinomycetota
Sva0996_marine_group,Actinomycetota
Candidatus_Jorgensenbacteria_genus,Patescibacteria
Paraclostridium,Bacillota
Acuticoccus,Pseudomonadota
Pseudoflavitalea,Bacteroidota
Oscillatoria_SAG_1459-8,Cyanobacteriota
Rothia,Actinomycetota
Aeromonas,Pseudomonadota
Defluviimonas,Pseudomonadota
Flexivirga,Actinomycetota
Methylocystis,Pseudomonadota
Ignavibacterium,Ignavibacteriota
Syntrophorhabdus,Thermodesulfobacteriota
Geobacteraceae_genus,Thermodesulfobacteriota
WN-HWB-116_genus,Pseudomonadota
Aureibacillus,Bacillota
Bdellovibrio,Bdellovibrionota
Microcoleus_PCC-7113,Cyanobacteriota
Jiangella,Actinomycetota
Cereibacter,Pseudomonadota
Chryseomicrobium,Bacillota
SJA-15_genus,Chloroflexota
Anabaena,Cyanobacteriota
Aquisphaera,Planctomycetota
DTU014_genus,Bacillota
UCG-009,Bacillota
Elusimicrobium,Elusimicrobiota
Candidatus_Protochlamydia,Chlamydiota
Scopulibacillus,Bacillota
Lottiidibacillus,Bacillota
Ereboglobus,Verrucomicrobiota
Haemophilus,Pseudomonadota
Ornithinicoccus,Actinomycetota
Bacteroidales_genus,Bacteroidota
Clade_III_genus,Pseudomonadota
Dickeya,Pseudomonadota
Desulfotomaculum,Bacillota
BacC-u-018,Chloroflexota
RBG-16-58-14,Chloroflexota
Anaerolinea,Chloroflexota
[Clostridium]_methylpentosum_group,Bacillota
Prevotellaceae_UCG-004,Bacteroidota
Ferrovum,Pseudomonadota
Pygmaiobacter,Bacillota
Desulfitobacteriales_genus,Bacillota
Candidatus_Woykebacteria_genus,Patescibacteria
Thermasporomyces,Actinomycetota
Magnetospiraceae_genus,Pseudomonadota
Alkalihalobacillus,Bacillota
Thalassobacillus,Bacillota
Amnibacterium,Actinomycetota
Puniceispirillales_genus,Pseudomonadota
Urania-1B-19_marine_sediment_group,Planctomycetota
Catenuloplanes,Actinomycetota
Hazenella,Bacillota
Stackebrandtia,Actinomycetota
Candidatus_Curtissbacteria_genus,Patescibacteria
Agaricicola,Pseudomonadota
Brochothrix,Bacillota
Mycoplasmataceae_genus,Bacillota
Methylopila,Pseudomonadota
Aequorivita,Bacteroidota
Evansella,Bacillota
Pir2_lineage,Planctomycetota
JG30-KF-AS9_genus,Chloroflexota
Enhydrobacter,Pseudomonadota
UBA12411,Dependentiae
Candidatus_Kaiserbacteria_genus,Patescibacteria
Endomicrobium,Elusimicrobiota
Alkalibaculum,Bacillota
UA11_genus,Verrucomicrobiota
Gracilibacteria_genus,Patescibacteria
Oxalobacter,Pseudomonadota
Motilibacter,Actinomycetota
cvE6_genus,Chlamydiota
1959_1,Chloroflexota
Staphylospora,Bacillota
DEV008,Verrucomicrobiota
Hoylesella,Bacteroidota
Georgfuchsia,Pseudomonadota
Minicystis,Myxococcota
Pelagibacterium,Pseudomonadota
Hydrogenophaga,Pseudomonadota
Acrocarpospora,Actinomycetota
Roseburia,Bacillota
CAG-196,Cyanobacteriota
Acetitomaculum,Bacillota
Fenollaria,Bacillota
Sporomusaceae_genus,Bacillota
Micropepsis,Pseudomonadota
Flavimobilis,Actinomycetota
Proteiniphilum,Bacteroidota
Lentimicrobium,Bacteroidota
Bilophila,Thermodesulfobacteriota
Levilactobacillus,Bacillota
Desulfovibrio,Thermodesulfobacteriota
Anaeroplasma,Bacillota
Seinonella,Bacillota
Euzebya,Actinomycetota
Sporacetigenium,Bacillota
Ktedonobacteraceae_genus,Chloroflexota
Desulfitibacter,Bacillota
Prosthecobacter,Verrucomicrobiota
Neisseriaceae_genus,Pseudomonadota
FCPU453_genus,Elusimicrobiota
Terribacillus,Bacillota
Symbiobacteriales_genus,Bacillota
Halobacillus,Bacillota
Wolbachia,Pseudomonadota
Pasteuria,Bacillota
Capnocytophaga,Bacteroidota
Thiobacillus,Pseudomonadota
Gillisia,Bacteroidota
Taonella,Pseudomonadota
Segatella,Bacteroidota
Marinobacterium,Pseudomonadota
Angustibacter,Actinomycetota
Tardiphaga,Pseudomonadota
AD3_genus,Chloroflexota
Anaerococcus,Bacillota
1921_3,Chloroflexota
Family_XIII_AD3011_group,Bacillota
Longibaculum,Bacillota
HN-HF0106,Bacillota
Candidatus_Amesbacteria_genus,Patescibacteria
Microbispora,Actinomycetota
Pelagibius,Pseudomonadota
Methylotenera,Pseudomonadota
Anaerospora,Bacillota
BD1-7_clade,Pseudomonadota
Micavibrionaceae_genus,Pseudomonadota
Neochlamydia,Chlamydiota
bac2nit3_genus,Pseudomonadota
Clostridia_genus,Bacillota
Nostoc_PCC-7107,Cyanobacteriota
Immundisolibacter,Pseudomonadota
Defluviicoccus,Pseudomonadota
Cellulosilyticum,Bacillota
Arboricoccus,Pseudomonadota
Plantibacter,Actinomycetota
Fibrella,Bacteroidota
Coriobacteriales_genus,Actinomycetota
Rhodovarius,Pseudomonadota
Ancylobacter,Pseudomonadota
Anaerobutyricum,Bacillota
p-251-o5_genus,Bacteroidota
Chlorobaculum,Chlorobiota
Anaerobacterium,Bacillota
Syntrophobacteraceae_genus,Thermodesulfobacteriota
Paludibacteraceae_genus,Bacteroidota
Lachnoanaerobaculum,Bacillota
Desulfuromonas,Thermodesulfobacteriota
Syntrophus,Thermodesulfobacteriota
FCPS473,Chloroflexota
B12-WMSP1_genus,Chloroflexota
Barnesiellaceae_genus,Bacteroidota
GCA-900066575,Bacillota
[Eubacterium]_ventriosum_group,Bacillota
Anaerofilum,Bacillota
Actinorhabdospora,Actinomycetota
Midichloriaceae_genus,Pseudomonadota
Procabacter,Pseudomonadota
Desulfotomaculales_Incertae_Sedis_genus,Bacillota
Anaerocolumna,Bacillota
WWE3_genus,Patescibacteria
Alcanivorax,Pseudomonadota
Terrisporobacter,Bacillota
Syntrophaceticus,Bacillota
Candidatus_Nomurabacteria_genus,Patescibacteria
Rummeliibacillus,Bacillota
Sulfobacillus,Bacillota
Candidatus_Giovannonibacteria_genus,Patescibacteria
Chloroflexota_genus,Chloroflexota
Campylobacter,Campylobacterota
Soehngenia,Bacillota
Extibacter,Bacillota
Aeribacillus,Bacillota
Myroides,Bacteroidota
Calditerricola,Bacillota
Elev-16S-573_genus,Acidobacteriota
Methylophilus,Pseudomonadota
UTBCD1,Bacteroidota
p-2534-18B5_gut_group_genus,Bacteroidota
Marvinbryantia,Bacillota
Sphaerotilus,Pseudomonadota
Anaerosinus,Bacillota
Geobacillus,Bacillota
IheB3-7,Ignavibacteriota
Chitinimonas,Pseudomonadota
URHD0088_genus,Pseudomonadota
Aminicenans,Acidobacteriota
UCG-004,Bacillota
HOC36_genus,Pseudomonadota
Erysipelatoclostridiaceae_genus,Bacillota
Peptococcus,Bacillota
Desulfohalotomaculum,Bacillota
Rs-E47_termite_group_genus,Bacteroidota
Vallitalea,Bacillota
FCPU426_genus,FCPU426
Oxobacter,Bacillota
Alicyclobacillus,Bacillota
Tepidanaerobacter,Bacillota
Methyloceanibacter,Pseudomonadota
Frankia,Actinomycetota
Odoribacter,Bacteroidota
Fimbriimonas,Armatimonadota
Sphaerimonospora,Actinomycetota
Sulfobacillaceae_genus,Bacillota
Terrimicrobium,Verrucomicrobiota
Candidatus_Odyssella,Pseudomonadota
Parachlamydiaceae_genus,Chlamydiota
Roseococcus,Pseudomonadota
Candidatus_Endoecteinascidia,Pseudomonadota
Mastigocladopsis_PCC-10914,Cyanobacteriota
Rs-K70_termite_group_genus,Rs-K70_termite_group
SRB2_genus,Bacillota
Allohahella,Pseudomonadota
Ezakiella,Bacillota
Culicoidibacter,Bacillota
Pseudohongiella,Pseudomonadota
Algoriphagus,Bacteroidota
IMCC26207,Actinomycetota
Thermosporothrix,Chloroflexota
B55-F-B-G02_genus,Bacillota
Fusobacterium,Fusobacteriota
Gastranaerophilaceae_genus,Cyanobacteriota
PeM15_genus,Actinomycetota
Amphibacillus,Bacillota
Cerasibacillus,Bacillota
Elizabethkingia,Bacteroidota
[Eubacterium]_ruminantium_group,Bacillota
Butyribacter,Bacillota
G12-WMSP1,Chloroflexota
Agriterribacter,Bacteroidota
Desulfobacca,Thermodesulfobacteriota
Butyrivibrio,Bacillota
Cyanobium_PCC-6307,Cyanobacteriota
Mogibacterium,Bacillota
A2,Bacillota
Actinocatenispora,Actinomycetota
Dehalobacterium,Bacillota
Alkanindiges,Pseudomonadota
Anaerosolibacter,Bacillota
Polynucleobacter,Pseudomonadota
Entomoplasma,Bacillota
Candidatus_Uhrbacteria_genus,Patescibacteria
Methylacidiphilaceae_genus,Verrucomicrobiota
Magnetospirillum,Pseudomonadota
053A03-B-DI-P58_genus,Bdellovibrionota
Pelotomaculum,Bacillota
Family_XI_genus,Bacillota
Vitreoscilla,Pseudomonadota
Verrucomicrobium,Verrucomicrobiota
Sumerlaeia_genus,Sumerlaeota
Geothermomicrobium,Bacillota
Candidatus_Bealeia,Pseudomonadota
Estrella,Chlamydiota
Mycoplasma,Bacillota
Sva0485_genus,Sva0485
Kazania_genus,Patescibacteria
Proteinivoracaceae_genus,Bacillota
NRB23_genus,Bacillota
Weissella,Bacillota
Paracaedibacteraceae_genus,Pseudomonadota
GWA2-38-13b_genus,Patescibacteria
Roseiflexus,Chloroflexota
Syntrophobacter,Thermodesulfobacteriota
Leptotrichia,Fusobacteriota
Amphiplicatus,Pseudomonadota
Mesoplasma,Bacillota
Pedosphaera,Verrucomicrobiota
OLB12,Bacteroidota
Ethanoligenenaceae_genus,Bacillota
Fonticella,Bacillota
Papillibacter,Bacillota
Candidatus_Peregrinibacteria_genus,Patescibacteria
Elsteraceae_genus,Pseudomonadota
Cellulosibacter,Bacillota
Candidatus_Azambacteria_genus,Patescibacteria
Hydrocarboniphaga,Pseudomonadota
Cytophagaceae_genus,Bacteroidota
Desulfofalx,Bacillota
Sphingomonadaceae_genus,Pseudomonadota
MN_122.2a,Pseudomonadota
Edaphobacter,Acidobacteriota
Tsukamurella,Actinomycetota
Desulfocucumis,Bacillota
Butyricimonas,Bacteroidota
Phascolarctobacterium,Bacillota
TPD-58,Acidobacteriota
Faecalibacterium,Bacillota
Lichenibacterium,Pseudomonadota
1921_2,Chloroflexota
B10-SB3A_genus,Chloroflexota
WCHB1-41_genus,Verrucomicrobiota
F082_genus,Bacteroidota
Saccharofermentans,Bacillota
Turicimonas,Pseudomonadota
BD72BR169_genus,Pseudomonadota
Gracilibacter,Bacillota
Lachnospiraceae_NK3A20_group,Bacillota
Telmatocola,Planctomycetota
Sporobacter,Bacillota
Atopobiaceae_genus,Actinomycetota
Phoenicibacter,Actinomycetota
Arachidicoccus,Bacteroidota
JG36-GS-52_genus,Pseudomonadota
TX1A-33_genus,TX1A-33
Thermobispora,Actinomycetota
Candidatus_Magasanikbacteria_genus,Patescibacteria
Dethiobacter,Bacillota
Permianibacter,Pseudomonadota
Absconditabacteriales_(SR1)_genus,Patescibacteria
Galbibacter,Bacteroidota
Bacteroidetes_vadinHA17_genus,Bacteroidota
Heliobacteriaceae_genus,Bacillota
Armatimonas,Armatimonadota
HglApr721_genus,Pseudomonadota
Methylococcaceae_genus,Pseudomonadota
Dialister,Bacillota
Limnochordia_genus,Bacillota
Candidatus_Campbellbacteria_genus,Patescibacteria
Tolypothrix,Cyanobacteriota
Limnochordales_genus,Bacillota
Aggregatilinea,Chloroflexota
RS25G,Verrucomicrobiota
Fontimonas,Pseudomonadota
Gelria,Bacillota
Sulfurivermis,Pseudomonadota
Syntrophomonadaceae_genus,Bacillota
Oceanisphaera,Pseudomonadota
Margulisbacteria_genus,Margulisbacteria
Dokdonella,Pseudomonadota
Arenibacter,Bacteroidota
CENA518,Cyanobacteriota
Eubacteriaceae_genus,Bacillota
EF100-94H03_genus,Pseudomonadota
Candidatus_Kerfeldbacteria_genus,Patescibacteria
BBMC-4,Fibrobacterota
Candidatus_Kuenenbacteria_genus,Patescibacteria
Victivallaceae_genus,Verrucomicrobiota
Pseudoprevotella,Bacteroidota
Chitinivibrionia_genus,Fibrobacterota
Mailhella,Thermodesulfobacteriota
Holdemanella,Bacillota
Balneolaceae_genus,Balneolota
Desulfovirga,Thermodesulfobacteriota
IheB2-23,Pseudomonadota
Halomonas,Pseudomonadota
Nitriliruptoraceae_genus,Actinomycetota
Chitiniphilus,Pseudomonadota
Caldicellulosiruptor,Bacillota
Pseudobdellovibrio,Bdellovibrionota
AncK6_genus,AncK6
Desulfuribacillus,Bacillota
Puniceicoccaceae_genus,Verrucomicrobiota
Lentimonas,Verrucomicrobiota
BRH-c20a_genus,Bacillota
F9P41300-M23_genus,Pseudomonadota
MSB-4B10_genus,Myxococcota
Aquipuribacter,Actinomycetota
Rickettsiales_genus,Pseudomonadota
4572_13_genus,Planctomycetota
Mediterraneibacter,Bacillota
Veillonellales-Selenomonadales_genus,Bacillota
DSSF69,Pseudomonadota
Varibaculum,Actinomycetota
Desulfobacteraceae_genus,Thermodesulfobacteriota
[Eubacterium]_brachy_group,Bacillota
Candidatus_Competibacter,Pseudomonadota
Anaerovoracaceae_genus,Bacillota
Pseudoxanthobacter,Pseudomonadota
Ruthenibacterium,Bacillota
